{
  "id": "1477416",
  "name": "aiai",
  "font_family": "iconfont",
  "css_prefix_text": "icon-",
  "description": "",
  "glyphs": [
    {
      "icon_id": "179381",
      "name": "甜品",
      "font_class": "tianpin",
      "unicode": "e600",
      "unicode_decimal": 58880
    },
    {
      "icon_id": "256108",
      "name": "卡卷",
      "font_class": "untitled",
      "unicode": "e664",
      "unicode_decimal": 58980
    },
    {
      "icon_id": "598879",
      "name": "当地游玩",
      "font_class": "dangdi",
      "unicode": "e630",
      "unicode_decimal": 58928
    },
    {
      "icon_id": "689261",
      "name": "类目 品类 分类 类别.2",
      "font_class": "fenlei",
      "unicode": "e7f8",
      "unicode_decimal": 59384
    },
    {
      "icon_id": "689262",
      "name": "类目 品类 分类 类别",
      "font_class": "fen",
      "unicode": "e7f9",
      "unicode_decimal": 59385
    },
    {
      "icon_id": "887907",
      "name": "购物车",
      "font_class": "gouwuche1",
      "unicode": "e61c",
      "unicode_decimal": 58908
    },
    {
      "icon_id": "905874",
      "name": "账户",
      "font_class": "zhanghu",
      "unicode": "e604",
      "unicode_decimal": 58884
    },
    {
      "icon_id": "1005541",
      "name": "活动",
      "font_class": "huodong",
      "unicode": "e628",
      "unicode_decimal": 58920
    },
    {
      "icon_id": "1054274",
      "name": "发现",
      "font_class": "faxian",
      "unicode": "e669",
      "unicode_decimal": 58985
    },
    {
      "icon_id": "1291671",
      "name": "搜索",
      "font_class": "search",
      "unicode": "e613",
      "unicode_decimal": 58899
    },
    {
      "icon_id": "1572259",
      "name": "mf_跟团游图标",
      "font_class": "gentuan",
      "unicode": "e620",
      "unicode_decimal": 58912
    },
    {
      "icon_id": "1572260",
      "name": "mf_自由行图标",
      "font_class": "ziyou",
      "unicode": "e622",
      "unicode_decimal": 58914
    },
    {
      "icon_id": "1580030",
      "name": "设置",
      "font_class": "shezhi",
      "unicode": "e629",
      "unicode_decimal": 58921
    },
    {
      "icon_id": "1605969",
      "name": "水果",
      "font_class": "shuiguo",
      "unicode": "e679",
      "unicode_decimal": 59001
    },
    {
      "icon_id": "1692490",
      "name": "卖场",
      "font_class": "maichang",
      "unicode": "e609",
      "unicode_decimal": 58889
    },
    {
      "icon_id": "1975076",
      "name": "我的",
      "font_class": "wode1",
      "unicode": "e606",
      "unicode_decimal": 58886
    },
    {
      "icon_id": "2116282",
      "name": "首页",
      "font_class": "home",
      "unicode": "e65a",
      "unicode_decimal": 58970
    },
    {
      "icon_id": "2890716",
      "name": "VIP",
      "font_class": "VIP",
      "unicode": "e637",
      "unicode_decimal": 58935
    },
    {
      "icon_id": "3705481",
      "name": "游轮",
      "font_class": "youlun",
      "unicode": "e645",
      "unicode_decimal": 58949
    },
    {
      "icon_id": "4166172",
      "name": "汉堡",
      "font_class": "hanbao",
      "unicode": "e621",
      "unicode_decimal": 58913
    },
    {
      "icon_id": "5605317",
      "name": "客运汽车票查询",
      "font_class": "keyun",
      "unicode": "e61a",
      "unicode_decimal": 58906
    },
    {
      "icon_id": "6357072",
      "name": "酒店",
      "font_class": "jiudian",
      "unicode": "e67d",
      "unicode_decimal": 59005
    },
    {
      "icon_id": "6395595",
      "name": "火车",
      "font_class": "huoche",
      "unicode": "e67a",
      "unicode_decimal": 59002
    },
    {
      "icon_id": "6446009",
      "name": "我的",
      "font_class": "wode",
      "unicode": "e62a",
      "unicode_decimal": 58922
    },
    {
      "icon_id": "6941622",
      "name": "签到",
      "font_class": "e",
      "unicode": "e63e",
      "unicode_decimal": 58942
    },
    {
      "icon_id": "7471063",
      "name": "我的门票",
      "font_class": "menpiao",
      "unicode": "e603",
      "unicode_decimal": 58883
    },
    {
      "icon_id": "7471085",
      "name": "签证-1",
      "font_class": "qianzheng",
      "unicode": "e607",
      "unicode_decimal": 58887
    },
    {
      "icon_id": "7674117",
      "name": "免费",
      "font_class": "mianfeix",
      "unicode": "e707",
      "unicode_decimal": 59143
    },
    {
      "icon_id": "7843634",
      "name": "美食",
      "font_class": "fenzu",
      "unicode": "e61d",
      "unicode_decimal": 58909
    },
    {
      "icon_id": "7956084",
      "name": "首页",
      "font_class": "shouye",
      "unicode": "e61f",
      "unicode_decimal": 58911
    },
    {
      "icon_id": "9013017",
      "name": "国际机票图标-01",
      "font_class": "jipiao",
      "unicode": "e614",
      "unicode_decimal": 58900
    },
    {
      "icon_id": "9350677",
      "name": "帮 助 2",
      "font_class": "bangzhu",
      "unicode": "e60c",
      "unicode_decimal": 58892
    },
    {
      "icon_id": "9716701",
      "name": "反馈",
      "font_class": "fankui",
      "unicode": "e63a",
      "unicode_decimal": 58938
    },
    {
      "icon_id": "10809207",
      "name": "购物车 购物",
      "font_class": "shopp",
      "unicode": "e70d",
      "unicode_decimal": 59149
    },
    {
      "icon_id": "11414770",
      "name": "定位",
      "font_class": "icon-test",
      "unicode": "e601",
      "unicode_decimal": 58881
    },
    {
      "icon_id": "11474196",
      "name": "cart- full",
      "font_class": "cart-full",
      "unicode": "e6eb",
      "unicode_decimal": 59115
    }
  ]
}
